{"cameraMode":{"drawMode":0,"name":"Shaded","section":"Shading Mode"},"sceneLighting":true,"audioPlay":false,"sceneViewState":{"showFog":true,"showMaterialUpdate":false,"showSkybox":true,"showFlares":true,"showImageEffects":true,"showParticleSystems":true},"in2DMode":false,"pivot":{"x":-29.79657745361328,"y":-0.8403058052062988,"z":-22.2796630859375},"rotation":{"x":0.045825328677892688,"y":0.9440375566482544,"z":-0.2907952666282654,"w":0.14876599609851838},"size":23.211910247802736,"orthographic":false}