{"cameraMode":{"drawMode":0,"name":"Shaded","section":"Shading Mode"},"sceneLighting":false,"audioPlay":false,"sceneViewState":{"showFog":true,"showMaterialUpdate":true,"showSkybox":false,"showFlares":true,"showImageEffects":true,"showParticleSystems":true},"in2DMode":false,"pivot":{"x":0.0000016689300537109376,"y":1.4999998807907105,"z":0.0},"rotation":{"x":0.1137952134013176,"y":-0.7276220321655273,"z":0.12452628463506699,"w":0.6649148464202881},"size":2.4672980308532717,"orthographic":false}