{"cameraMode":{"drawMode":0,"name":"Shaded","section":"Shading Mode"},"sceneLighting":false,"audioPlay":false,"sceneViewState":{"showFog":true,"showMaterialUpdate":true,"showSkybox":false,"showFlares":true,"showImageEffects":true,"showParticleSystems":true},"in2DMode":false,"pivot":{"x":-29.458221435546876,"y":-0.4227941036224365,"z":-22.6402645111084},"rotation":{"x":-0.014553052373230458,"y":0.9775192737579346,"z":-0.19764426350593568,"w":-0.07197730243206024},"size":37.1635627746582,"orthographic":false}