{"cameraMode":{"drawMode":0,"name":"Shaded","section":"Shading Mode"},"sceneLighting":true,"audioPlay":false,"sceneViewState":{"showFog":true,"showMaterialUpdate":true,"showSkybox":true,"showFlares":true,"showImageEffects":true,"showParticleSystems":true},"in2DMode":false,"pivot":{"x":-28.150531768798829,"y":0.018506765365600587,"z":-18.577102661132814},"rotation":{"x":-0.029516849666833879,"y":0.9388992190361023,"z":-0.3326517343521118,"w":-0.08331029117107392},"size":3.4067838191986086,"orthographic":false}